[
  { "suburb": "Acton", "state": "TAS", "postcode": "7320" },
  { "suburb": "Albany", "state": "WA", "postcode": "6330" },
  { "suburb": "Alkimos", "state": "WA", "postcode": "6038" },
  { "suburb": "Applecross", "state": "WA", "postcode": "6153" },
  { "suburb": "Ararat", "state": "VIC", "postcode": "3377" },
  { "suburb": "Austral", "state": "NSW", "postcode": "2179" },
  { "suburb": "Baldivis", "state": "WA", "postcode": "6171" },
  { "suburb": "Baringa", "state": "QLD", "postcode": "4551" },
  { "suburb": "Bateau Bay", "state": "NSW", "postcode": "2261" },
  { "suburb": "Bathurst", "state": "NSW", "postcode": "2795" },
  { "suburb": "Battery Point", "state": "TAS", "postcode": "7004" },
  { "suburb": "Boambee East", "state": "NSW", "postcode": "2452" },
  { "suburb": "Bonython", "state": "ACT", "postcode": "2905" },
  { "suburb": "Box Hill", "state": "NSW", "postcode": "2765" },
  { "suburb": "Bray Park", "state": "QLD", "postcode": "4500" },
  { "suburb": "Brighton", "state": "TAS", "postcode": "7030" },
  { "suburb": "Broadmeadow", "state": "NSW", "postcode": "2292" },
  { "suburb": "Brompton", "state": "SA", "postcode": "5007" },
  { "suburb": "Brooklyn Park", "state": "SA", "postcode": "5032" },
  { "suburb": "Brunswick West", "state": "VIC", "postcode": "3055" },
  { "suburb": "Bundaberg West", "state": "QLD", "postcode": "4670" },
  { "suburb": "Cairns City", "state": "QLD", "postcode": "4870" },
  { "suburb": "Calderwood", "state": "NSW", "postcode": "2527" },
  { "suburb": "Carisbrook", "state": "VIC", "postcode": "3464" },
  { "suburb": "Carlisle", "state": "WA", "postcode": "6101" },
  { "suburb": "Charlestown", "state": "NSW", "postcode": "2290" },
  { "suburb": "Clyde North", "state": "VIC", "postcode": "3978" },
  { "suburb": "Cranbourne East", "state": "VIC", "postcode": "3977" },
  { "suburb": "Denman Prospect", "state": "ACT", "postcode": "2611" },
  { "suburb": "Dubbo", "state": "NSW", "postcode": "2830" },
  { "suburb": "Earlwood", "state": "NSW", "postcode": "2206" },
  { "suburb": "East Tamworth", "state": "NSW", "postcode": "2340" },
  { "suburb": "Elizabeth North", "state": "SA", "postcode": "5113" },
  { "suburb": "Ellenbrook", "state": "WA", "postcode": "6069" },
  { "suburb": "Elsternwick", "state": "VIC", "postcode": "3185" },
  { "suburb": "Five Dock", "state": "NSW", "postcode": "2046" },
  { "suburb": "Footscray", "state": "VIC", "postcode": "3011" },
  { "suburb": "Giralang", "state": "ACT", "postcode": "2617" },
  { "suburb": "Griffin", "state": "QLD", "postcode": "4503" },
  { "suburb": "Grovedale", "state": "VIC", "postcode": "3216" },
  { "suburb": "Herne Hill", "state": "VIC", "postcode": "3218" },
  { "suburb": "Herston", "state": "QLD", "postcode": "4006" },
  { "suburb": "Highfields", "state": "QLD", "postcode": "4352" },
  { "suburb": "Hornsby", "state": "NSW", "postcode": "2077" },
  { "suburb": "Huntly", "state": "VIC", "postcode": "3551" },
  { "suburb": "Invermay", "state": "TAS", "postcode": "7248" },
  { "suburb": "Kennington", "state": "VIC", "postcode": "3550" },
  { "suburb": "Kingston", "state": "TAS", "postcode": "7050" },
  { "suburb": "Lalor", "state": "VIC", "postcode": "3075" },
  { "suburb": "Legana", "state": "TAS", "postcode": "7277" },
  { "suburb": "Leppington", "state": "NSW", "postcode": "2179" },
  { "suburb": "Lilydale", "state": "VIC", "postcode": "3140" },
  { "suburb": "Little Bay", "state": "NSW", "postcode": "2036" },
  { "suburb": "Logan Central", "state": "QLD", "postcode": "4114" },
  { "suburb": "Lowood", "state": "QLD", "postcode": "4311" },
  { "suburb": "Mackay", "state": "QLD", "postcode": "4740" },
  { "suburb": "Melba", "state": "ACT", "postcode": "2615" },
  { "suburb": "Mildura", "state": "VIC", "postcode": "3500" },
  { "suburb": "Millner", "state": "NT", "postcode": "0810" },
  { "suburb": "Mount Waverley", "state": "VIC", "postcode": "3149" },
  { "suburb": "Murray Bridge", "state": "SA", "postcode": "5253" },
  { "suburb": "New Norfolk", "state": "TAS", "postcode": "7140" },
  { "suburb": "Newtown", "state": "NSW", "postcode": "2042" },
  { "suburb": "Nollamara", "state": "WA", "postcode": "6061" },
  { "suburb": "O'Connor", "state": "ACT", "postcode": "2602" },
  { "suburb": "Oakleigh", "state": "VIC", "postcode": "3166" },
  { "suburb": "Old Noarlunga", "state": "SA", "postcode": "5168" },
  { "suburb": "Ovingham", "state": "SA", "postcode": "5082" },
  { "suburb": "Parap", "state": "NT", "postcode": "0820" },
  { "suburb": "Petrie", "state": "QLD", "postcode": "4502" },
  { "suburb": "Plainland", "state": "QLD", "postcode": "4341" },
  { "suburb": "Port Adelaide", "state": "SA", "postcode": "5015" },
  { "suburb": "Port Melbourne", "state": "VIC", "postcode": "3207" },
  { "suburb": "Rapid Creek", "state": "NT", "postcode": "0810" },
  { "suburb": "Redfern", "state": "NSW", "postcode": "2016" },
  { "suburb": "Renmark", "state": "SA", "postcode": "5341" },
  { "suburb": "Ringwood East", "state": "VIC", "postcode": "3135" },
  { "suburb": "Ripley", "state": "QLD", "postcode": "4306" },
  { "suburb": "Rockingham", "state": "WA", "postcode": "6168" },
  { "suburb": "Rosebery", "state": "NSW", "postcode": "2018" },
  { "suburb": "Rosebery", "state": "NT", "postcode": "0832" },
  { "suburb": "Sans Souci", "state": "NSW", "postcode": "2217" },
  { "suburb": "Silverdale", "state": "NSW", "postcode": "2752" },
  { "suburb": "Sorell", "state": "TAS", "postcode": "7172" },
  { "suburb": "South Bunbury", "state": "WA", "postcode": "6230" },
  { "suburb": "South Coogee", "state": "NSW", "postcode": "2034" },
  { "suburb": "St Marys", "state": "NSW", "postcode": "2760" },
  { "suburb": "Tarneit", "state": "VIC", "postcode": "3029" },
  { "suburb": "Townsville City", "state": "QLD", "postcode": "4810" },
  { "suburb": "Upper Coomera", "state": "QLD", "postcode": "4209" },
  { "suburb": "Wallacia", "state": "NSW", "postcode": "2745" },
  { "suburb": "Wavell Heights", "state": "QLD", "postcode": "4012" },
  { "suburb": "Werribee", "state": "VIC", "postcode": "3030" },
  { "suburb": "Williamstown", "state": "VIC", "postcode": "3016" },
  { "suburb": "Winter Valley", "state": "VIC", "postcode": "3358" },
  { "suburb": "Wyoming", "state": "NSW", "postcode": "2250" },
  { "suburb": "Yeronga", "state": "QLD", "postcode": "4104" },
  { "suburb": "Zetland", "state": "NSW", "postcode": "2017" },
  { "suburb": "Zuccoli", "state": "NT", "postcode": "0832" }
]